{"cameraMode":{"drawMode":31,"name":"Sprite Mask","section":"Miscellaneous"},"sceneLighting":true,"audioPlay":false,"sceneViewState":{"showFog":true,"showMaterialUpdate":false,"showSkybox":true,"showFlares":true,"showImageEffects":true,"showParticleSystems":true},"in2DMode":false,"pivot":{"x":8.9241361618042,"y":73.9056625366211,"z":1.3444879055023194},"rotation":{"x":-0.12170720845460892,"y":0.7433105707168579,"z":-0.6425371766090393,"w":-0.14079570770263673},"size":0.8660253882408142,"orthographic":false}